"Date Printed: Sunday, February 9, 2020 10:11:35 PM"
Title: HIV diagnoses | 2008 | 2009 | 2010 | 2011 | 2012 | 2013 | 2014 | 2015 | 2016 | 2017 | 2018 | Alabama | Alaska | Arizona | Arkansas | California | Colorado | Connecticut | Delaware | District of Columbia | Florida | Georgia | Hawaii | Idaho | Illinois | Indiana | Iowa | Kansas | Kentucky | Louisiana | Maine | Maryland | Massachusetts | Michigan | Minnesota | Mississippi | Missouri | Montana | Nebraska | Nevada | New Hampshire | New Jersey | New Mexico | New York | North Carolina | North Dakota | Ohio | Oklahoma | Oregon | Pennsylvania | Rhode Island | South Carolina | South Dakota | Tennessee | Texas | Utah | Vermont | Virginia | Washington | West Virginia | Wisconsin | Wyoming | American Indian/Alaska Native | Asian | Black/African American | Hispanic/Latino | Multiple races | Native Hawaiian/Other Pacific Islander | White | Both sexes | Ages 13 years and older | All transmission categories
Footnote(s): Prevalence: Prevalence data prior to 2010 are based on residence at diagnosis; prevalence data from 2010 to present are based on most recent known address.
Diagnosis: HIV data for the year 2018 are preliminary and based on 6 months reporting delay.
Death: Death data based on residence at death.
NA - Not applicable


Geography,2008,,,,,,,,,,,,,,2009,,,,,,,,,,,,,,2010,,,,,,,,,,,,,,2011,,,,,,,,,,,,,,2012,,,,,,,,,,,,,,2013,,,,,,,,,,,,,,2014,,,,,,,,,,,,,,2015,,,,,,,,,,,,,,2016,,,,,,,,,,,,,,2017,,,,,,,,,,,,,,2018,,,,,,,,,,,,,
,American Indian/Alaska Native,,Asian,,Black/African American,,Hispanic/Latino,,Multiple races,,Native Hawaiian/Other Pacific Islander,,White,,American Indian/Alaska Native,,Asian,,Black/African American,,Hispanic/Latino,,Multiple races,,Native Hawaiian/Other Pacific Islander,,White,,American Indian/Alaska Native,,Asian,,Black/African American,,Hispanic/Latino,,Multiple races,,Native Hawaiian/Other Pacific Islander,,White,,American Indian/Alaska Native,,Asian,,Black/African American,,Hispanic/Latino,,Multiple races,,Native Hawaiian/Other Pacific Islander,,White,,American Indian/Alaska Native,,Asian,,Black/African American,,Hispanic/Latino,,Multiple races,,Native Hawaiian/Other Pacific Islander,,White,,American Indian/Alaska Native,,Asian,,Black/African American,,Hispanic/Latino,,Multiple races,,Native Hawaiian/Other Pacific Islander,,White,,American Indian/Alaska Native,,Asian,,Black/African American,,Hispanic/Latino,,Multiple races,,Native Hawaiian/Other Pacific Islander,,White,,American Indian/Alaska Native,,Asian,,Black/African American,,Hispanic/Latino,,Multiple races,,Native Hawaiian/Other Pacific Islander,,White,,American Indian/Alaska Native,,Asian,,Black/African American,,Hispanic/Latino,,Multiple races,,Native Hawaiian/Other Pacific Islander,,White,,American Indian/Alaska Native,,Asian,,Black/African American,,Hispanic/Latino,,Multiple races,,Native Hawaiian/Other Pacific Islander,,White,,American Indian/Alaska Native,,Asian,,Black/African American,,Hispanic/Latino,,Multiple races,,Native Hawaiian/Other Pacific Islander,,White,
,Cases,Rate per 100000,Cases,Rate per 100000,Cases,Rate per 100000,Cases,Rate per 100000,Cases,Rate per 100000,Cases,Rate per 100000,Cases,Rate per 100000,Cases,Rate per 100000,Cases,Rate per 100000,Cases,Rate per 100000,Cases,Rate per 100000,Cases,Rate per 100000,Cases,Rate per 100000,Cases,Rate per 100000,Cases,Rate per 100000,Cases,Rate per 100000,Cases,Rate per 100000,Cases,Rate per 100000,Cases,Rate per 100000,Cases,Rate per 100000,Cases,Rate per 100000,Cases,Rate per 100000,Cases,Rate per 100000,Cases,Rate per 100000,Cases,Rate per 100000,Cases,Rate per 100000,Cases,Rate per 100000,Cases,Rate per 100000,Cases,Rate per 100000,Cases,Rate per 100000,Cases,Rate per 100000,Cases,Rate per 100000,Cases,Rate per 100000,Cases,Rate per 100000,Cases,Rate per 100000,Cases,Rate per 100000,Cases,Rate per 100000,Cases,Rate per 100000,Cases,Rate per 100000,Cases,Rate per 100000,Cases,Rate per 100000,Cases,Rate per 100000,Cases,Rate per 100000,Cases,Rate per 100000,Cases,Rate per 100000,Cases,Rate per 100000,Cases,Rate per 100000,Cases,Rate per 100000,Cases,Rate per 100000,Cases,Rate per 100000,Cases,Rate per 100000,Cases,Rate per 100000,Cases,Rate per 100000,Cases,Rate per 100000,Cases,Rate per 100000,Cases,Rate per 100000,Cases,Rate per 100000,Cases,Rate per 100000,Cases,Rate per 100000,Cases,Rate per 100000,Cases,Rate per 100000,Cases,Rate per 100000,Cases,Rate per 100000,Cases,Rate per 100000,Cases,Rate per 100000,Cases,Rate per 100000,Cases,Rate per 100000,Cases,Rate per 100000,Cases,Rate per 100000,Cases,Rate per 100000,Cases,Rate per 100000,Cases,Rate per 100000,Cases,Rate per 100000,Cases,Rate per 100000,Cases,Rate per 100000,Cases,Rate per 100000,Cases,Rate per 100000
"Alabama","1","5.1","3","8.1","487","49.4","27","28.7","52","171.5","0","0.0","139","5.1","1","5.1","3","7.7","479","48.2","18","18.1","46","146.7","0","0.0","148","5.5","0","0.0","0","0.0","471","46.7","21","15.9","45","120.2","0","0.0","144","5.3","0","0.0","2","4.3","475","46.7","24","18.1","28","72.3","0","0.0","154","5.6","0","0.0","3","6.1","439","42.7","22","16.5","37","91.9","0","0.0","165","6.0","1","4.4","2","3.9","436","42.0","23","17.1","24","57.6","2","112.4","147","5.3","0","0.0","1","1.9","466","44.5","23","16.9","30","69.9","0","0.0","149","5.4","0","0.0","5","9.1","429","40.6","29","20.9","35","79.0","0","0.0","165","6.0","0","0.0","3","5.3","435","41.0","20","14.1","27","59.3","0","0.0","178","6.5","1","4.2","2","3.4","429","40.3","22","15.1","18","38.3","0","0.0","179","6.5","0","0.0","2","3.3","410","38.4","15","9.9","18","37.2","0","0.0","127","4.6"
"Alaska","12","15.1","0","0.0","7","34.0","1","3.3","1","5.1","0","0.0","18","4.7","6","7.4","2","7.2","4","19.8","1","3.2","2","9.9","0","0.0","6","1.6","9","11.4","1","3.2","4","22.1","5","17.4","2","7.2","0","0.0","14","3.6","7","8.8","0","0.0","5","26.9","4","13.2","0","0.0","1","18.0","7","1.8","6","7.5","3","8.8","4","20.4","3","9.1","2","6.9","0","0.0","10","2.6","4","4.9","3","8.4","5","24.9","2","5.8","1","3.3","0","0.0","8","2.0","11","13.5","0","0.0","7","35.0","3","8.4","3","9.9","0","0.0","14","3.6","9","11.0","1","2.7","4","20.0","3","8.2","0","0.0","0","0.0","8","2.1","17","20.6","3","7.8","5","24.6","3","7.9","0","0.0","0","0.0","9","2.3","15","18.2","0","0.0","4","19.6","4","10.3","1","3.1","0","0.0","10","2.6","8","9.6","0","0.0","1","4.9","1","2.6","2","6.1","2","26.7","6","1.6"
"Arizona","27","13.0","11","8.6","63","34.7","237","16.8","15","26.3","0","0.0","326","10.1","36","17.1","7","5.3","66","34.9","245","16.8","15","25.2","2","28.3","271","8.3","36","18.0","8","5.5","55","28.3","208","15.0","15","21.5","1","10.8","296","9.2","36","17.7","15","9.8","73","36.5","207","14.5","6","8.2","0","0.0","226","7.0","41","19.9","15","9.3","94","45.3","218","14.9","16","21.0","0","0.0","236","7.2","42","20.0","6","3.5","108","50.6","246","16.4","17","21.4","1","10.2","269","8.2","53","24.9","16","9.0","128","58.0","274","17.7","12","14.4","0","0.0","258","7.8","49","22.7","17","9.1","122","53.3","253","15.9","11","12.7","5","48.6","233","7.0","51","23.4","16","8.2","127","53.3","270","16.5","9","10.0","1","9.5","240","7.1","43","19.4","18","8.9","114","46.3","294","17.4","4","4.2","5","45.6","247","7.2","41","18.2","15","7.1","134","52.4","327","18.8","9","9.1","4","35.3","276","8.0"
"Arkansas","1","5.9","1","4.0","122","34.8","18","16.2","14","58.0","0","0.0","82","4.5","0","0.0","2","7.7","136","38.5","39","33.4","15","60.5","0","0.0","88","4.8","0","0.0","0","0.0","101","28.5","25","19.4","17","60.1","0","0.0","91","4.9","0","0.0","1","3.2","133","37.2","16","11.9","11","37.6","0","0.0","80","4.3","1","5.7","0","0.0","117","32.5","21","15.2","10","33.0","0","0.0","98","5.3","0","0.0","1","2.9","135","37.2","17","11.9","18","57.3","0","0.0","91","4.9","0","0.0","0","0.0","149","40.8","30","20.5","22","68.0","0","0.0","111","6.0","0","0.0","2","5.4","139","37.7","17","11.3","9","27.0","2","35.2","104","5.6","1","5.4","1","2.6","148","39.9","28","17.9","7","20.3","0","0.0","127","6.8","0","0.0","0","0.0","145","38.9","20","12.3","9","25.2","0","0.0","113","6.1","0","0.0","3","7.4","157","42.0","23","13.7","2","5.4","0","0.0","96","5.2"
"California","15","9.2","229","6.0","1,085","59.4","2,295","23.1","248","48.8","23","22.9","1,824","13.5","12","7.3","224","5.8","1,010","55.0","2,127","20.9","234","44.9","21","20.6","1,789","13.3","11","7.9","245","5.9","984","53.8","2,125","20.0","268","43.1","13","11.8","1,626","12.3","12","8.6","238","5.6","911","49.5","2,104","19.4","241","37.7","20","17.8","1,518","11.5","11","7.9","291","6.7","826","44.7","2,190","19.8","206","31.3","12","10.5","1,514","11.4","10","7.1","278","6.2","769","41.4","2,051","18.3","220","32.5","13","11.2","1,370","10.4","8","5.7","345","7.5","801","42.9","2,366","20.7","213","30.6","6","5.1","1,430","10.8","15","10.7","302","6.4","877","46.7","2,282","19.6","223","31.2","13","10.9","1,396","10.6","15","10.7","325","6.7","935","49.6","2,383","20.2","186","25.4","12","10.0","1,316","10.0","18","12.8","344","6.9","785","41.5","2,229","18.6","168","22.4","11","9.1","1,211","9.3","15","10.7","261","5.1","756","39.9","2,130","17.5","135","17.5","14","11.5","1,087","8.4"
"Colorado","3","9.9","9","8.8","64","42.1","140","19.6","11","21.5","0","0.0","224","7.5","2","6.4","8","7.5","56","35.8","112","15.3","5","9.4","1","24.2","186","6.1","2","7.5","9","7.9","78","50.3","99","13.0","9","14.4","0","0.0","222","7.3","3","11.0","5","4.2","48","30.3","109","13.9","8","12.3","0","0.0","190","6.2","5","18.1","4","3.2","56","34.4","116","14.4","8","11.8","2","39.4","180","5.8","1","3.5","8","6.2","53","31.7","97","11.8","6","8.4","0","0.0","147","4.7","1","3.5","7","5.2","68","39.4","113","13.3","12","16.1","0","0.0","177","5.6","3","10.2","2","1.4","60","33.8","119","13.6","11","14.1","0","0.0","182","5.6","5","16.7","5","3.4","59","32.4","152","16.9","8","9.7","1","16.8","193","5.9","6","19.6","8","5.2","56","30.2","156","16.9","6","7.0","1","16.4","209","6.3","7","22.4","5","3.1","62","32.7","153","16.1","2","2.2","2","31.9","178","5.3"
"Connecticut","0","0.0","7","7.2","131","49.4","107","33.9","9","34.1","0","0.0","93","4.2","0","0.0","6","6.0","139","51.8","89","27.2","8","29.5","0","0.0","99","4.5","0","0.0","2","1.8","145","52.0","102","27.9","11","33.6","2","203.7","126","5.7","0","0.0","4","3.4","125","44.3","109","28.9","9","26.6","1","98.7","102","4.6","2","33.4","4","3.3","118","41.2","86","22.1","4","11.4","1","98.6","76","3.4","0","0.0","3","2.4","126","43.3","97","24.1","7","19.3","0","0.0","94","4.3","1","16.4","5","3.9","132","44.9","74","17.9","7","18.7","0","0.0","74","3.4","1","16.4","6","4.5","99","33.3","86","20.4","5","13.0","0","0.0","82","3.8","1","16.4","4","2.9","108","36.0","74","17.1","3","7.5","1","96.8","67","3.1","0","0.0","4","2.9","108","35.7","85","19.1","1","2.4","2","192.5","75","3.5","0","0.0","2","1.4","102","33.3","65","14.2","4","9.5","2","195.3","75","3.6"
"Delaware","0","0.0","3","14.8","98","67.5","14","33.3","7","103.6","0","0.0","31","6.1","0","0.0","0","0.0","89","60.3","15","34.0","6","85.1","0","0.0","40","7.8","0","0.0","1","4.2","74","48.8","12","22.8","3","30.3","0","0.0","33","6.4","0","0.0","0","0.0","66","42.8","13","23.9","5","48.0","0","0.0","30","5.8","0","0.0","1","3.9","85","54.2","10","17.9","3","27.5","0","0.0","38","7.4","0","0.0","0","0.0","60","37.6","10","17.5","6","52.4","0","0.0","33","6.4","0","0.0","0","0.0","68","41.8","9","15.3","6","49.9","0","0.0","32","6.1","0","0.0","0","0.0","55","33.2","13","21.5","2","16.0","0","0.0","33","6.3","0","0.0","2","6.5","75","44.4","9","14.4","1","7.7","0","0.0","25","4.8","0","0.0","0","0.0","76","44.3","20","30.9","2","14.7","0","0.0","28","5.3","0","0.0","1","3.0","59","33.7","12","17.7","0","0.0","0","0.0","19","3.6"
"District of Columbia","1","74.4","3","18.9","736","273.4","74","185.9","90","1599.1","0","0.0","125","71.1","2","143.7","1","6.1","624","232.7","59","141.4","54","904.4","1","283.3","92","50.6","1","81.4","4","20.0","578","224.9","62","134.5","59","627.7","0","0.0","95","48.3","2","165.4","5","24.2","464","179.4","54","110.9","32","329.4","0","0.0","81","40.0","1","79.0","4","18.7","400","153.7","46","90.5","36","359.7","0","0.0","83","39.8","0","0.0","3","13.4","346","131.5","41","76.9","17","165.0","0","0.0","80","37.5","1","79.5","3","12.9","290","109.6","41","74.4","18","171.5","0","0.0","65","29.8","0","0.0","6","24.3","254","95.8","51","89.2","15","139.2","1","384.6","42","18.8","0","0.0","5","19.4","247","93.0","41","69.7","5","45.4","0","0.0","50","21.9","0","0.0","3","11.2","218","82.4","44","73.5","9","80.0","0","0.0","31","13.3","2","159.2","1","3.6","155","58.8","22","35.8","9","78.4","0","0.0","19","8.1"
"Florida","6","13.2","28","8.1","2,863","130.4","1,202","38.7","165","120.1","4","45.4","1,507","15.6","1","2.2","27","7.6","2,493","112.0","1,116","35.0","101","71.5","3","33.0","1,293","13.4","4","9.7","25","6.4","2,264","98.3","1,090","31.6","104","60.8","0","0.0","1,145","11.9","3","7.1","42","10.4","2,161","91.5","1,036","29.0","85","47.7","5","52.4","1,238","12.8","4","9.3","32","7.7","2,055","85.2","1,044","28.3","70","37.8","2","20.4","1,168","12.0","1","2.3","44","10.2","1,931","78.6","1,154","30.3","98","51.0","1","10.0","1,067","10.9","6","13.5","37","8.3","1,942","77.5","1,270","32.2","88","44.0","4","39.0","1,129","11.5","3","6.6","49","10.5","1,947","76.2","1,422","34.7","73","35.1","7","66.2","1,070","10.8","8","17.3","53","10.9","1,974","75.8","1,513","35.5","61","28.1","3","27.4","1,050","10.5","7","14.9","45","8.9","1,924","72.5","1,442","32.6","46","20.4","5","44.5","1,094","10.8","3","6.3","55","10.4","1,853","68.7","1,604","35.0","41","17.5","7","60.8","1,120","11.0"
"Georgia","0","0.0","15","6.8","2,177","94.9","210","39.4","162","241.2","1","25.4","593","12.6","1","4.9","4","1.8","2,058","88.0","199","35.9","140","198.6","0","0.0","508","10.8","0","0.0","17","6.5","1,868","79.9","189","31.0","125","144.6","3","69.6","451","9.8","0","0.0","7","2.6","1,917","80.4","195","31.6","133","147.2","3","67.5","407","8.8","3","15.9","16","5.6","1,870","77.0","188","29.9","125","132.2","1","21.7","415","8.9","0","0.0","13","4.4","1,647","66.7","191","30.0","95","96.3","0","0.0","392","8.4","2","10.3","19","6.1","1,699","67.5","194","29.7","103","100.0","1","20.6","362","7.7","0","0.0","21","6.5","1,909","74.4","195","28.9","102","95.0","1","20.3","396","8.4","3","14.9","23","6.7","1,793","68.5","187","26.8","106","94.6","1","20.1","382","8.1","2","9.8","25","7.0","1,834","68.8","205","28.3","67","57.4","2","39.3","429","9.1","1","4.8","23","6.2","1,825","67.2","235","31.3","51","42.0","3","57.7","414","8.7"
"Hawaii","0","0.0","21","4.8","8","29.7","9","11.3","7","4.5","9","9.9","29","10.3","0","0.0","19","4.3","10","35.5","8","9.8","8","5.1","9","9.8","33","11.7","0","0.0","27","5.8","5","29.3","5","5.7","13","6.8","15","14.7","37","13.2","0","0.0","15","3.2","8","43.5","4","4.4","13","6.7","12","11.5","29","10.3","0","0.0","18","3.8","0","0.0","12","12.9","12","6.1","11","10.4","29","10.3","1","38.1","19","4.1","5","24.4","16","16.6","12","6.0","14","13.0","28","9.8","0","0.0","18","3.8","7","32.7","7","7.1","19","9.4","13","12.0","35","12.3","1","37.0","21","4.5","12","53.6","12","11.8","18","8.8","16","14.6","39","13.7","1","37.5","18","3.8","10","43.2","9","8.7","11","5.3","9","8.2","20","7.1","0","0.0","21","4.5","4","17.2","13","12.4","9","4.3","9","8.2","22","7.9","0","0.0","20","4.3","6","25.6","7","6.6","10","4.8","6","5.4","17","6.2"
"Idaho","1","6.7","1","7.4","2","29.3","8","7.4","0","0.0","0","0.0","37","3.5","0","0.0","0","0.0","0","0.0","4","3.5","1","6.8","0","0.0","43","4.0","2","14.2","0","0.0","2","30.1","3","2.5","2","11.9","0","0.0","35","3.2","0","0.0","0","0.0","3","42.0","5","4.0","1","5.7","0","0.0","26","2.4","0","0.0","0","0.0","1","13.8","5","3.9","1","5.5","0","0.0","30","2.7","1","6.9","0","0.0","3","39.1","4","3.0","0","0.0","0","0.0","19","1.7","0","0.0","0","0.0","0","0.0","3","2.2","0","0.0","0","0.0","19","1.7","0","0.0","3","15.7","9","105.8","8","5.6","0","0.0","0","0.0","20","1.8","1","6.6","1","4.9","6","66.6","10","6.7","2","9.2","1","43.6","24","2.1","1","6.5","0","0.0","4","42.2","5","3.2","2","8.7","0","0.0","34","2.9","2","12.7","1","4.4","3","29.9","8","4.9","0","0.0","0","0.0","23","1.9"
"Illinois","2","10.7","31","7.0","931","62.2","331","23.8","115","136.4","1","27.0","395","5.5","3","15.8","20","4.4","870","57.8","319","22.3","122","139.6","1","26.5","393","5.5","2","12.5","22","4.4","830","55.8","314","21.0","98","96.4","1","37.1","390","5.6","2","12.4","29","5.6","784","52.5","316","20.7","124","117.9","0","0.0","362","5.2","1","6.1","20","3.8","796","53.2","348","22.4","92","84.1","0","0.0","390","5.6","0","0.0","30","5.4","767","51.1","338","21.4","76","67.0","0","0.0","371","5.3","0","0.0","26","4.6","742","49.4","325","20.2","62","52.8","0","0.0","378","5.4","3","18.1","39","6.7","770","51.3","328","20.1","67","55.2","1","34.4","342","5.0","3","18.1","31","5.2","771","51.6","323","19.5","49","39.1","2","68.8","304","4.4","4","24.1","39","6.4","678","45.6","278","16.5","35","27.1","2","68.3","316","4.6","3","18.1","23","3.7","684","46.1","315","18.5","25","18.7","0","0.0","302","4.5"
"Indiana","1","7.5","6","8.5","199","44.8","47","20.2","19","45.3","0","0.0","191","4.3","0","0.0","3","4.1","182","40.4","43","17.8","19","43.6","0","0.0","216","4.8","0","0.0","4","4.7","213","46.3","44","16.2","21","39.1","0","0.0","204","4.6","0","0.0","3","3.3","197","42.3","48","17.2","11","19.5","0","0.0","206","4.6","0","0.0","4","4.1","231","49.0","49","17.1","16","27.1","1","59.2","190","4.2","1","7.9","8","7.7","227","47.4","52","17.6","15","24.2","0","0.0","169","3.8","0","0.0","10","9.1","188","38.8","57","18.7","17","26.3","0","0.0","194","4.3","1","7.7","6","5.2","204","41.7","55","17.6","11","16.3","0","0.0","355","7.9","4","30.6","10","8.1","215","43.4","56","17.3","6","8.5","0","0.0","193","4.3","0","0.0","11","8.6","234","46.7","59","17.6","21","28.7","0","0.0","191","4.3","1","7.5","7","5.2","225","44.2","54","15.6","18","23.6","0","0.0","205","4.6"
"Iowa","0","0.0","1","2.7","9","16.0","12","13.9","3","17.7","0","0.0","70","3.1","1","12.8","4","10.4","16","27.5","8","8.8","11","62.0","0","0.0","83","3.6","0","0.0","4","9.1","22","33.3","11","10.6","7","32.6","0","0.0","70","3.1","0","0.0","5","10.5","20","29.3","17","15.7","7","30.9","0","0.0","63","2.8","0","0.0","4","7.9","25","35.7","9","8.1","6","25.2","0","0.0","72","3.1","0","0.0","8","14.6","22","29.9","10","8.6","6","23.8","0","0.0","74","3.2","0","0.0","1","1.7","11","14.2","9","7.5","7","26.4","0","0.0","66","2.9","0","0.0","6","9.8","23","28.6","17","13.6","5","18.1","0","0.0","73","3.2","0","0.0","4","6.3","42","50.3","9","6.9","5","17.3","0","0.0","73","3.2","0","0.0","3","4.5","37","42.6","18","13.4","5","16.6","0","0.0","61","2.7","1","13.2","1","1.4","33","36.6","14","10.1","4","12.6","0","0.0","63","2.8"
"Kansas","0","0.0","0","0.0","37","28.8","19","10.8","12","42.2","1","78.6","70","3.7","0","0.0","4","7.9","44","34.0","31","17.0","12","40.7","0","0.0","61","3.2","0","0.0","0","0.0","41","31.5","19","9.1","13","35.3","0","0.0","63","3.4","0","0.0","2","3.4","40","30.5","27","12.7","5","13.2","0","0.0","61","3.2","0","0.0","3","5.0","45","33.8","27","12.3","10","25.2","0","0.0","66","3.5","0","0.0","1","1.6","48","35.8","30","13.3","9","22.0","1","59.7","58","3.1","4","20.6","4","6.1","29","21.5","26","11.2","10","23.6","0","0.0","58","3.1","1","5.2","5","7.1","42","30.9","36","15.1","7","16.0","0","0.0","63","3.4","1","5.2","3","4.1","32","23.6","24","9.8","6","13.3","0","0.0","81","4.3","1","5.1","5","6.8","36","26.6","24","9.6","3","6.4","0","0.0","50","2.7","1","5.1","5","6.7","58","42.9","28","11.0","1","2.1","0","0.0","61","3.3"
"Kentucky","0","0.0","2","5.8","122","47.0","27","36.6","12","45.5","0","0.0","192","6.1","0","0.0","1","2.8","104","39.4","23","29.4","13","47.5","0","0.0","203","6.4","0","0.0","3","7.6","136","50.4","27","28.9","18","51.7","0","0.0","147","4.6","0","0.0","3","7.3","104","37.9","27","28.1","13","35.6","0","0.0","163","5.1","0","0.0","4","9.2","123","44.2","22","22.1","20","52.6","0","0.0","191","6.0","0","0.0","4","8.7","106","37.5","21","20.4","17","42.6","1","54.7","205","6.4","0","0.0","6","12.5","101","35.4","32","30.5","10","24.0","0","0.0","195","6.1","0","0.0","5","9.8","124","43.0","15","13.9","12","27.7","0","0.0","185","5.8","0","0.0","4","7.5","115","39.5","36","32.3","7","15.5","0","0.0","175","5.5","1","12.3","3","5.4","109","37.0","24","20.6","9","19.1","0","0.0","219","6.8","0","0.0","5","8.6","108","36.2","23","18.7","12","24.3","1","44.9","211","6.6"
"Louisiana","0","0.0","2","4.0","775","69.5","64","54.4","25","96.1","1","92.2","204","8.8","5","23.3","5","9.6","870","77.0","68","54.7","20","73.6","0","0.0","204","8.8","3","13.2","6","10.2","814","70.9","41","27.1","25","76.9","1","77.6","222","9.6","2","8.7","3","4.9","872","75.2","74","47.1","17","50.5","0","0.0","224","9.6","2","8.5","6","9.6","766","65.4","46","28.6","13","37.2","0","0.0","187","8.0","0","0.0","6","9.4","812","68.6","49","29.4","25","69.1","0","0.0","237","10.1","3","12.4","6","9.3","845","70.8","68","39.9","22","58.5","0","0.0","254","10.8","6","24.4","3","4.5","800","66.6","60","34.4","7","18.0","1","65.9","221","9.4","2","8.0","2","2.9","806","66.7","65","36.6","9","22.4","0","0.0","226","9.6","2","8.0","3","4.4","697","57.5","72","40.1","9","21.7","0","0.0","228","9.7","3","11.9","5","7.2","692","57.0","57","31.3","8","18.8","0","0.0","221","9.5"
"Maine","0","0.0","0","0.0","4","43.1","3","23.7","0","0.0","0","0.0","38","3.5","1","16.2","0","0.0","10","103.2","4","30.3","3","35.0","0","0.0","36","3.3","0","0.0","1","9.0","16","146.1","0","0.0","1","8.3","0","0.0","38","3.5","0","0.0","0","0.0","16","137.8","3","23.3","0","0.0","0","0.0","33","3.0","0","0.0","3","25.2","9","74.7","3","22.5","1","7.8","0","0.0","32","2.9","0","0.0","0","0.0","12","96.6","2","14.2","1","7.6","0","0.0","20","1.8","0","0.0","0","0.0","19","143.6","4","26.4","1","7.4","0","0.0","33","3.0","0","0.0","0","0.0","14","103.7","4","25.6","1","7.2","0","0.0","27","2.5","1","14.1","0","0.0","18","126.1","1","6.2","0","0.0","0","0.0","33","3.0","0","0.0","0","0.0","4","27.1","1","5.9","1","6.8","0","0.0","24","2.2","1","13.6","1","7.0","4","26.1","2","11.3","0","0.0","0","0.0","20","1.8"
"Maryland","0","0.0","12","5.1","1,432","107.0","160","56.0","154","304.0","2","86.1","274","9.9","1","8.0","7","2.9","1,199","88.5","123","41.3","147","280.4","0","0.0","201","7.3","2","16.8","15","5.5","1,209","87.5","136","37.7","154","213.6","0","0.0","224","8.2","0","0.0","8","2.9","963","68.8","133","35.7","126","168.1","0","0.0","190","6.9","2","16.5","15","5.2","904","63.7","111","28.9","137","175.9","0","0.0","157","5.7","0","0.0","10","3.4","907","63.1","96","24.2","118","146.2","0","0.0","169","6.2","0","0.0","14","4.6","885","60.8","115","28.1","86","103.1","0","0.0","135","5.0","3","24.2","11","3.5","838","57.0","104","24.6","91","105.6","0","0.0","129","4.8","0","0.0","15","4.6","793","53.5","94","21.6","57","64.1","0","0.0","141","5.2","2","15.9","11","3.3","699","46.7","104","23.2","58","63.2","0","0.0","147","5.5","2","15.8","20","5.9","733","48.6","76","16.4","29","30.7","0","0.0","119","4.5"
"Massachusetts","1","9.0","22","8.4","237","75.9","174","41.2","18","36.2","0","0.0","289","6.5","0","0.0","15","5.6","222","69.8","188","42.8","13","25.3","1","43.0","252","5.6","1","10.2","24","8.1","214","62.4","182","37.9","6","9.6","1","47.6","280","6.4","0","0.0","24","7.7","230","65.6","173","34.6","19","29.2","0","0.0","232","5.3","1","10.0","25","7.7","220","61.1","188","36.1","13","19.2","0","0.0","257","5.9","0","0.0","18","5.3","181","49.0","200","36.8","10","14.2","0","0.0","260","5.9","1","9.8","29","8.2","206","54.3","173","30.6","7","9.6","1","44.8","226","5.1","3","29.1","20","5.4","173","44.6","166","28.3","8","10.6","0","0.0","228","5.2","2","19.3","23","6.0","201","50.7","160","26.4","7","8.9","0","0.0","245","5.6","1","9.6","19","4.8","160","39.4","183","29.1","13","16.0","1","42.8","219","5.0","2","19.0","27","6.5","206","49.7","173","26.4","8","9.5","0","0.0","238","5.5"
"Michigan","0","0.0","8","4.3","479","42.5","45","15.2","38","41.2","0","0.0","204","3.1","0","0.0","7","3.7","503","44.8","40","13.2","35","37.1","0","0.0","218","3.3","1","2.2","4","2.1","448","39.9","47","15.3","29","26.1","0","0.0","233","3.6","0","0.0","12","5.9","472","42.0","49","15.5","14","12.1","0","0.0","224","3.5","2","4.3","10","4.6","470","41.7","37","11.3","39","32.6","0","0.0","231","3.6","0","0.0","10","4.4","472","41.9","38","11.3","22","17.7","0","0.0","206","3.2","3","6.4","15","6.3","468","41.5","48","13.9","23","17.9","0","0.0","224","3.5","0","0.0","13","5.2","441","39.2","45","12.7","16","12.1","0","0.0","210","3.2","1","2.1","17","6.5","425","37.8","49","13.4","22","16.1","0","0.0","231","3.6","1","2.1","8","2.9","449","39.9","64","17.0","12","8.5","0","0.0","244","3.8","1","2.1","9","3.2","417","37.1","49","12.6","19","13.0","1","43.7","222","3.4"
"Minnesota","6","13.6","5","3.5","106","61.6","32","22.0","13","29.6","0","0.0","168","4.4","6","13.5","7","4.7","126","71.3","44","29.2","15","33.0","1","47.6","181","4.8","9","20.9","6","3.6","108","53.7","34","19.7","21","38.1","0","0.0","157","4.2","3","6.9","6","3.4","106","51.0","26","14.7","18","31.2","0","0.0","136","3.6","9","20.6","3","1.6","113","52.8","40","22.1","13","21.6","1","59.2","135","3.6","5","11.3","2","1.1","115","51.9","30","16.0","12","19.1","0","0.0","142","3.8","4","9.0","8","4.1","114","49.5","35","18.1","9","13.7","0","0.0","141","3.7","1","2.2","12","5.9","131","54.7","26","13.0","7","10.2","0","0.0","119","3.1","1","2.2","11","5.2","133","53.1","26","12.6","7","9.8","0","0.0","118","3.1","2","4.4","7","3.2","127","48.6","31","14.4","11","14.7","0","0.0","95","2.5","7","15.2","6","2.6","109","40.0","39","17.5","7","8.9","0","0.0","115","3.0"
"Mississippi","2","18.9","0","0.0","387","45.5","15","29.8","30","204.3","0","0.0","83","5.8","0","0.0","0","0.0","388","45.4","17","32.0","23","150.5","0","0.0","69","4.8","0","0.0","0","0.0","352","40.8","11","18.0","26","166.6","0","0.0","63","4.3","0","0.0","1","4.4","396","45.5","18","29.1","33","202.9","0","0.0","77","5.3","1","9.1","1","4.3","330","37.6","13","20.9","26","153.7","0","0.0","72","4.9","0","0.0","1","4.1","355","40.1","13","20.5","27","152.2","0","0.0","74","5.1","0","0.0","2","8.0","369","41.4","15","23.1","16","87.1","0","0.0","72","4.9","3","26.3","3","11.7","396","44.2","19","28.7","11","58.2","0","0.0","74","5.1","0","0.0","1","3.9","351","39.0","5","7.4","10","51.1","0","0.0","58","4.0","0","0.0","2","7.6","342","37.8","11","15.6","5","24.5","0","0.0","67","4.6","1","8.4","2","7.5","352","38.8","27","36.8","3","14.2","0","0.0","94","6.5"
"Missouri","0","0.0","3","4.3","259","48.4","32","23.6","20","39.0","0","0.0","230","5.6","0","0.0","2","2.8","272","50.5","31","21.9","20","37.9","0","0.0","195","4.7","0","0.0","8","9.8","278","50.4","28","18.5","19","30.2","0","0.0","236","5.7","0","0.0","2","2.3","255","45.9","38","24.5","8","12.3","0","0.0","221","5.4","0","0.0","4","4.5","274","49.1","31","19.4","17","25.3","0","0.0","203","4.9","0","0.0","7","7.7","235","41.7","25","15.2","12","17.2","0","0.0","186","4.5","0","0.0","5","5.3","235","41.5","23","13.6","15","20.8","1","19.2","187","4.5","0","0.0","9","9.2","214","37.6","25","14.3","16","21.5","1","18.5","198","4.8","0","0.0","4","4.0","247","43.2","39","21.6","16","20.8","0","0.0","204","4.9","0","0.0","7","6.7","256","44.6","38","20.4","14","17.5","0","0.0","189","4.6","1","4.4","5","4.6","213","37.0","33","17.1","13","15.7","1","16.2","180","4.3"
"Montana","0","0.0","0","0.0","1","26.6","4","19.3","0","0.0","0","0.0","17","2.3","2","4.4","0","0.0","0","0.0","4","18.5","1","9.3","0","0.0","24","3.3","1","2.3","0","0.0","0","0.0","1","4.9","1","7.1","0","0.0","17","2.3","1","2.2","0","0.0","0","0.0","1","4.6","0","0.0","0","0.0","20","2.7","2","4.4","0","0.0","1","24.9","2","8.7","2","13.3","0","0.0","13","1.7","2","4.4","1","15.0","1","25.5","1","4.1","4","25.7","0","0.0","13","1.7","1","2.2","0","0.0","0","0.0","1","3.9","0","0.0","1","168.4","11","1.4","0","0.0","0","0.0","1","24.4","3","11.1","1","6.0","0","0.0","13","1.7","0","0.0","0","0.0","0","0.0","1","3.6","1","5.8","0","0.0","18","2.3","5","10.4","0","0.0","0","0.0","4","13.4","0","0.0","0","0.0","22","2.8","3","6.2","0","0.0","2","44.5","3","9.6","0","0.0","0","0.0","15","1.9"
"Nebraska","0","0.0","0","0.0","33","56.3","8","8.4","3","25.7","0","0.0","53","4.2","0","0.0","3","13.1","32","53.5","21","21.0","4","32.7","0","0.0","48","3.8","1","9.0","2","7.7","33","52.4","12","10.4","6","40.2","0","0.0","61","4.8","2","17.9","1","3.7","12","18.8","12","10.1","7","44.9","0","0.0","45","3.6","1","8.8","1","3.5","24","37.1","10","8.1","5","30.7","0","0.0","41","3.2","0","0.0","1","3.3","23","35.0","13","10.2","1","5.8","0","0.0","41","3.2","1","8.6","1","3.0","26","38.6","11","8.3","2","11.1","0","0.0","47","3.7","4","33.9","0","0.0","16","23.4","12","8.8","1","5.2","0","0.0","46","3.6","3","25.1","2","5.3","15","21.5","16","11.3","2","9.9","0","0.0","38","3.0","3","24.8","7","17.8","26","36.7","15","10.2","0","0.0","0","0.0","37","2.9","1","8.1","4","9.7","19","26.3","19","12.5","1","4.5","0","0.0","35","2.7"
"Nevada","3","13.7","8","5.7","94","60.5","106","22.0","12","31.2","0","0.0","164","12.9","4","18.1","18","12.5","95","59.9","106","21.2","13","32.8","0","0.0","126","9.9","1","5.1","20","11.9","98","57.3","107","20.4","11","22.6","2","15.8","134","10.5","1","5.0","31","18.0","97","55.8","114","21.2","14","28.0","1","7.8","124","9.7","2","9.9","18","10.1","74","40.9","117","21.2","19","36.4","2","15.3","130","10.2","1","4.9","14","7.5","97","52.6","140","24.6","17","31.4","1","7.4","162","12.7","4","19.3","20","10.4","96","50.3","139","23.7","12","21.1","2","14.5","155","12.1","2","9.5","31","15.5","114","57.6","150","24.6","12","20.2","5","35.3","162","12.6","7","32.9","19","9.1","155","75.0","169","26.8","9","14.4","1","6.7","152","11.8","4","18.5","24","11.1","146","67.6","139","21.3","3","4.6","4","26.0","171","13.2","3","13.6","27","12.0","159","70.7","155","22.9","1","1.4","5","31.5","158","12.1"
"New Hampshire","0","0.0","2","10.2","10","92.9","6","23.3","1","11.9","0","0.0","24","2.3","0","0.0","0","0.0","4","35.6","4","15.0","2","23.1","0","0.0","29","2.7","0","0.0","3","13.0","2","18.3","3","11.2","2","18.5","0","0.0","40","3.8","0","0.0","0","0.0","4","34.6","4","14.2","1","8.9","0","0.0","30","2.9","0","0.0","0","0.0","8","65.1","3","10.1","3","25.5","0","0.0","33","3.1","0","0.0","1","3.6","3","23.9","3","9.6","2","16.5","0","0.0","26","2.5","0","0.0","1","3.4","7","54.1","7","21.5","2","16.0","0","0.0","23","2.2","0","0.0","0","0.0","4","29.7","0","0.0","1","7.7","0","0.0","20","1.9","0","0.0","1","3.1","5","35.2","7","19.4","2","14.8","0","0.0","25","2.4","0","0.0","0","0.0","5","33.7","5","13.1","2","14.2","0","0.0","22","2.1","0","0.0","1","3.0","3","19.3","3","7.4","0","0.0","0","0.0","29","2.7"
"New Jersey","0","0.0","7","1.3","675","72.8","414","38.2","101","165.1","0","0.0","234","5.1","0","0.0","20","3.6","607","65.0","427","38.2","126","199.1","0","0.0","218","4.8","0","0.0","15","2.5","564","60.4","462","37.7","101","139.3","0","0.0","206","4.6","0","0.0","9","1.4","530","56.5","337","26.9","81","108.2","0","0.0","218","4.9","0","0.0","23","3.6","534","56.5","402","31.4","89","115.3","0","0.0","226","5.1","0","0.0","16","2.5","497","52.3","391","29.9","69","87.0","1","43.4","234","5.3","0","0.0","12","1.8","543","56.9","435","32.7","56","68.7","2","85.4","194","4.4","0","0.0","28","4.1","521","54.5","413","30.5","41","49.0","0","0.0","197","4.5","0","0.0","19","2.7","467","48.7","434","31.4","52","60.5","0","0.0","224","5.2","0","0.0","30","4.2","503","52.3","398","28.2","26","29.5","1","40.0","167","3.9","3","27.6","29","3.9","407","42.2","380","26.4","27","29.8","0","0.0","198","4.6"
"New Mexico","18","13.3","0","0.0","10","30.4","78","11.2","2","11.7","0","0.0","44","6.1","20","14.7","0","0.0","11","32.2","81","11.5","5","28.2","0","0.0","43","6.0","24","17.4","1","4.4","9","29.6","78","10.6","3","15.8","0","0.0","32","4.3","19","13.6","1","4.1","7","22.9","73","9.7","7","35.6","0","0.0","31","4.2","19","13.5","0","0.0","2","6.5","70","9.2","1","5.0","0","0.0","25","3.4","21","14.7","2","7.7","5","16.0","79","10.2","3","14.5","0","0.0","31","4.3","26","18.0","0","0.0","7","22.2","72","9.2","2","9.5","0","0.0","26","3.6","14","9.6","0","0.0","3","9.4","78","9.8","1","4.7","0","0.0","39","5.5","24","16.3","1","3.6","4","12.4","81","10.1","2","9.2","0","0.0","32","4.5","26","17.5","0","0.0","10","30.9","61","7.5","0","0.0","1","83.8","38","5.4","25","16.7","2","7.0","7","21.3","63","7.7","1","4.4","0","0.0","23","3.3"
"New York","0","0.0","93","8.4","1,895","80.5","1,455","57.7","351","227.2","0","0.0","796","7.9","1","1.9","96","8.5","1,673","70.7","1,343","52.4","334","210.5","0","0.0","728","7.2","1","2.2","57","4.6","1,590","67.7","1,250","45.8","268","142.7","1","15.4","748","7.6","0","0.0","76","5.9","1,442","60.9","1,243","44.7","278","143.8","1","15.0","732","7.5","2","4.3","76","5.8","1,338","56.2","1,140","40.4","283","142.3","0","0.0","681","7.0","0","0.0","72","5.4","1,129","47.1","1,140","39.8","311","152.0","1","14.4","599","6.1","1","2.1","92","6.7","1,246","51.8","1,086","37.4","237","112.8","0","0.0","662","6.8","0","0.0","76","5.4","1,134","47.1","1,060","36.1","245","113.6","2","28.1","534","5.5","2","4.1","117","8.2","1,061","44.1","986","33.3","184","83.3","3","41.5","467","4.9","1","2.1","96","6.6","1,074","44.7","953","32.0","156","68.9","0","0.0","450","4.7","0","0.0","100","6.8","1,019","42.5","888","29.6","103","44.4","0","0.0","360","3.8"
"North Carolina","6","7.1","8","5.6","1,050","66.0","150","33.2","82","137.9","1","27.5","404","7.7","7","8.2","8","5.4","1,004","62.2","132","27.9","69","110.7","0","0.0","357","6.7","3","3.4","9","5.3","914","55.2","122","21.7","57","65.6","1","23.0","330","6.2","12","13.3","9","5.0","928","55.2","104","18.3","80","88.0","1","22.4","299","5.5","10","11.0","9","4.7","788","46.2","96","16.5","57","59.7","1","21.9","269","5.0","4","4.3","11","5.5","789","45.5","123","20.6","45","44.9","1","20.8","303","5.5","7","7.5","15","7.1","823","46.8","129","21.1","49","46.7","1","20.5","287","5.2","13","13.8","10","4.5","840","47.2","121","19.1","43","39.3","1","20.2","299","5.4","11","11.6","19","8.0","851","47.2","146","22.2","34","29.6","1","19.6","324","5.8","7","7.3","12","4.8","841","46.0","121","17.7","30","24.8","0","0.0","286","5.1","6","6.2","10","3.8","755","40.8","128","18.0","23","18.2","2","36.8","276","4.8"
"North Dakota","0","0.0","0","0.0","2","41.5","0","0.0","2","44.2","0","0.0","9","1.8","1","3.9","0","0.0","2","38.7","3","29.0","2","42.9","0","0.0","6","1.2","0","0.0","1","16.4","4","66.9","3","31.7","0","0.0","0","0.0","5","1.0","0","0.0","0","0.0","2","30.0","1","9.6","0","0.0","0","0.0","9","1.7","0","0.0","0","0.0","4","52.2","2","16.8","1","14.7","0","0.0","4","0.8","1","3.7","0","0.0","7","73.0","2","14.2","0","0.0","0","0.0","9","1.7","1","3.6","1","12.5","9","79.8","0","0.0","1","12.6","0","0.0","8","1.5","0","0.0","1","11.4","9","63.4","2","11.1","1","11.9","0","0.0","7","1.3","2","7.1","0","0.0","19","118.1","7","37.5","1","11.5","0","0.0","17","3.1","4","14.1","1","9.9","13","75.8","3","15.5","1","11.2","0","0.0","15","2.8","2","7.0","2","18.4","20","107.8","1","4.9","1","10.7","1","268.8","9","1.7"
"Ohio","2","9.7","5","3.5","489","44.9","74","33.3","39","44.8","0","0.0","447","5.6","0","0.0","2","1.4","497","45.4","67","29.1","53","59.1","0","0.0","426","5.3","0","0.0","5","3.1","444","39.8","58","23.0","61","54.2","0","0.0","414","5.2","0","0.0","6","3.6","486","43.3","71","27.2","56","47.8","0","0.0","423","5.3","0","0.0","5","2.9","458","40.6","68","25.2","72","59.3","0","0.0","414","5.2","1","5.3","4","2.2","478","41.9","70","25.0","60","47.3","1","34.0","423","5.3","0","0.0","6","3.1","469","40.7","81","27.9","41","31.0","0","0.0","349","4.4","1","5.2","10","4.9","464","40.0","53","17.6","38","27.7","1","31.0","358","4.5","0","0.0","9","4.2","481","41.1","53","17.0","44","30.8","0","0.0","374","4.7","1","5.1","13","5.7","434","36.8","65","20.0","45","30.3","0","0.0","428","5.4","0","0.0","7","2.9","465","39.1","56","16.5","28","18.1","0","0.0","428","5.4"
"Oklahoma","13","5.9","3","6.2","67","30.4","39","20.0","17","17.3","1","43.1","147","6.7","12","5.4","2","4.0","88","39.2","42","20.3","13","13.2","0","0.0","138","6.2","18","7.6","2","3.7","86","39.3","31","13.5","22","17.2","0","0.0","127","5.7","17","7.0","2","3.5","90","40.6","29","12.2","23","17.6","0","0.0","150","6.8","13","5.3","5","8.3","66","29.4","33","13.4","20","14.9","0","0.0","147","6.6","25","10.0","7","11.0","96","42.1","23","9.0","24","17.5","1","26.5","156","7.0","17","6.7","3","4.5","74","32.1","32","12.1","25","17.9","1","25.0","152","6.8","22","8.6","9","12.7","75","32.1","41","14.9","19","13.3","1","23.7","147","6.6","22","8.5","4","5.5","73","31.0","39","13.7","14","9.6","0","0.0","141","6.3","28","10.7","2","2.7","80","33.9","56","19.0","12","8.1","0","0.0","121","5.5","21","8.0","4","5.3","51","21.4","39","12.8","16","10.5","2","43.2","101","4.6"
"Oregon","3","8.4","10","8.9","27","52.3","53","18.7","8","13.9","1","12.8","184","7.0","3","8.3","8","6.9","15","28.4","48","16.3","6","10.1","0","0.0","169","6.4","3","8.4","8","6.7","15","28.5","46","14.6","10","13.8","1","9.8","154","5.9","1","2.8","5","4.0","10","18.5","37","11.4","4","5.3","1","9.3","181","6.9","0","0.0","9","6.9","22","39.9","54","16.1","8","10.3","0","0.0","177","6.7","1","2.7","6","4.4","19","33.8","47","13.7","4","5.0","1","8.7","150","5.7","1","2.7","7","4.9","13","22.5","49","13.8","7","8.5","3","25.2","159","6.0","2","5.3","8","5.4","19","31.9","38","10.3","2","2.3","2","16.1","151","5.6","4","10.5","9","5.7","14","22.5","38","9.9","8","8.9","0","0.0","153","5.6","3","7.7","10","6.1","17","26.5","44","11.0","3","3.2","2","14.8","124","4.5","3","7.6","2","1.2","13","19.6","66","15.9","7","7.2","2","14.3","137","5.0"
"Pennsylvania","1","6.6","13","5.3","909","87.1","300","68.0","108","151.6","0","0.0","442","5.0","2","12.9","13","5.2","768","73.0","353","76.4","88","119.2","2","69.5","432","4.9","2","13.7","10","3.4","715","66.0","247","46.4","67","67.0","2","82.1","437","5.0","0","0.0","12","3.9","726","66.4","205","37.0","46","44.1","0","0.0","391","4.5","3","20.1","20","6.3","748","67.9","218","37.7","41","37.8","2","75.8","383","4.4","3","19.9","24","7.3","686","61.7","167","27.9","54","47.9","0","0.0","358","4.1","4","26.3","23","6.7","614","54.9","171","27.5","40","34.2","0","0.0","345","4.0","2","13.0","19","5.4","630","56.1","162","25.1","25","20.6","1","32.8","334","3.9","5","32.2","24","6.6","537","47.6","206","30.8","24","19.2","0","0.0","335","3.9","2","12.8","15","4.0","546","48.2","184","26.4","24","18.5","1","31.3","316","3.7","1","6.4","21","5.4","469","41.1","187","25.6","19","14.1","2","60.0","303","3.6"
"Rhode Island","0","0.0","0","0.0","30","71.5","44","48.2","3","34.1","0","0.0","46","6.3","0","0.0","3","13.0","22","52.0","50","52.9","2","22.3","0","0.0","42","5.8","0","0.0","1","3.8","27","58.7","30","30.5","3","25.0","0","0.0","54","7.6","0","0.0","2","7.3","14","30.0","23","22.5","7","56.9","0","0.0","54","7.6","0","0.0","1","3.5","18","38.2","25","23.6","1","7.9","0","0.0","33","4.7","1","27.6","0","0.0","13","27.1","20","18.3","2","15.3","0","0.0","42","6.0","0","0.0","3","10.1","16","32.6","29","25.6","4","29.8","0","0.0","37","5.3","0","0.0","1","3.3","15","30.0","21","17.9","2","14.5","0","0.0","25","3.6","0","0.0","2","6.4","17","33.4","18","14.9","1","7.1","0","0.0","33","4.8","0","0.0","2","6.4","16","31.0","24","19.2","2","13.7","0","0.0","39","5.7","0","0.0","3","9.5","19","36.1","21","16.2","1","6.7","0","0.0","32","4.7"
"South Carolina","2","15.2","1","2.2","497","48.6","48","36.2","15","56.5","0","0.0","146","5.9","0","0.0","1","2.1","523","50.8","40","28.6","22","78.8","0","0.0","173","6.9","0","0.0","5","10.1","571","54.9","37","21.6","12","34.0","0","0.0","142","5.6","1","7.0","0","0.0","540","51.6","48","27.8","25","67.9","0","0.0","127","4.9","0","0.0","1","1.8","487","46.1","36","20.5","11","28.5","0","0.0","165","6.4","0","0.0","1","1.8","482","45.1","40","22.4","24","58.7","0","0.0","160","6.1","2","13.2","0","0.0","542","50.2","27","14.6","20","46.3","0","0.0","172","6.5","0","0.0","3","4.7","455","41.7","47","24.6","14","30.7","1","42.8","147","5.4","1","6.4","0","0.0","514","46.7","50","25.3","25","52.0","0","0.0","156","5.7","0","0.0","7","9.9","448","40.4","69","33.5","25","49.5","0","0.0","162","5.8","0","0.0","7","9.4","460","41.2","54","25.0","22","41.3","0","0.0","176","6.3"
"South Dakota","8","17.0","0","0.0","7","120.5","0","0.0","1","15.3","0","0.0","12","2.1","4","8.4","0","0.0","5","78.6","0","0.0","0","0.0","0","0.0","13","2.2","5","10.1","0","0.0","11","148.3","3","19.9","0","0.0","0","0.0","13","2.2","4","8.0","0","0.0","1","12.2","3","17.9","1","11.7","0","0.0","11","1.9","10","19.8","0","0.0","4","40.1","0","0.0","0","0.0","0","0.0","11","1.9","11","21.6","1","12.4","3","28.5","3","15.5","1","10.7","0","0.0","13","2.2","4","7.8","0","0.0","12","111.8","1","5.0","0","0.0","0","0.0","12","2.0","3","5.8","0","0.0","6","54.5","3","14.8","0","0.0","0","0.0","11","1.8","3","5.8","1","9.8","12","98.0","6","28.1","0","0.0","1","299.4","20","3.3","8","15.2","1","8.9","8","58.9","5","21.8","2","18.3","0","0.0","16","2.7","9","17.0","0","0.0","4","27.4","0","0.0","2","17.5","0","0.0","13","2.1"
"Tennessee","1","6.9","5","7.5","631","76.8","57","34.9","33","82.0","0","0.0","271","6.7","1","6.7","5","7.3","575","69.1","47","27.2","32","76.2","1","47.9","270","6.6","1","7.0","8","10.7","517","61.3","65","31.8","30","58.2","1","43.7","234","5.7","0","0.0","6","7.6","480","56.1","49","23.5","41","76.1","0","0.0","268","6.5","1","6.8","3","3.6","489","56.2","50","23.3","43","76.0","0","0.0","267","6.4","0","0.0","6","7.0","444","50.5","43","19.6","35","59.1","0","0.0","242","5.8","0","0.0","3","3.4","431","48.4","51","22.5","22","35.5","1","38.7","246","5.9","1","6.4","8","8.6","428","47.6","48","20.5","11","17.0","1","38.0","242","5.7","1","6.2","4","4.2","417","46.0","39","16.1","16","23.7","0","0.0","236","5.6","0","0.0","3","3.0","415","45.2","37","14.6","16","22.5","0","0.0","260","6.1","1","5.9","8","7.6","448","48.4","50","18.8","15","20.2","0","0.0","237","5.5"
"Texas","0","0.0","37","5.6","1,600","72.5","1,409","21.8","212","131.6","2","15.5","911","9.4","0","0.0","36","5.3","1,657","73.6","1,530","22.9","251","148.7","1","7.4","881","9.0","1","1.5","45","5.7","1,691","72.5","1,609","22.8","250","132.2","0","0.0","859","8.8","0","0.0","67","8.1","1,527","64.1","1,645","22.7","235","118.7","0","0.0","806","8.2","1","1.4","46","5.3","1,515","62.0","1,694","22.7","222","106.6","3","18.9","843","8.5","1","1.4","71","7.7","1,535","61.4","1,662","21.7","210","96.3","0","0.0","861","8.6","1","1.3","65","6.6","1,580","61.6","1,741","22.1","186","81.2","0","0.0","844","8.4","4","5.2","76","7.3","1,578","59.9","1,826","22.6","180","74.8","4","22.2","864","8.5","5","6.4","68","6.2","1,559","57.8","1,825","22.0","195","77.3","1","5.4","870","8.5","4","5.1","57","5.0","1,577","57.2","1,808","21.2","132","50.2","1","5.2","779","7.6","2","2.5","78","6.5","1,569","55.7","1,798","20.6","130","47.3","1","4.9","905","8.8"
"Utah","0","0.0","2","4.8","10","54.4","23","10.4","1","4.5","1","6.9","94","5.4","0","0.0","6","13.8","10","51.0","31","13.4","5","21.3","0","0.0","70","4.0","0","0.0","1","2.2","6","31.2","25","10.0","3","11.4","0","0.0","50","2.9","0","0.0","6","12.4","5","25.1","25","9.7","4","14.4","1","5.6","66","3.7","5","23.1","2","3.9","7","33.6","28","10.6","4","13.5","1","5.4","75","4.2","0","0.0","4","7.5","9","41.5","24","8.8","5","16.0","0","0.0","67","3.7","0","0.0","8","14.4","11","48.9","31","11.1","2","6.1","0","0.0","62","3.4","2","8.9","7","12.2","10","42.8","32","11.0","2","5.8","1","4.8","68","3.6","1","4.4","8","13.1","22","88.7","35","11.6","3","8.2","0","0.0","70","3.7","3","12.9","5","7.6","12","45.1","40","12.7","2","5.1","0","0.0","55","2.8","2","8.5","7","10.0","8","28.5","29","8.9","1","2.4","3","12.7","71","3.6"
"Vermont","0","0.0","0","0.0","0","0.0","1","14.5","1","20.7","0","0.0","16","3.1","0","0.0","0","0.0","1","24.9","1","13.9","0","0.0","0","0.0","16","3.1","0","0.0","0","0.0","1","22.0","1","13.8","2","30.5","0","0.0","16","3.1","0","0.0","0","0.0","1","20.6","2","25.6","0","0.0","0","0.0","10","2.0","0","0.0","1","13.5","2","40.0","0","0.0","1","14.6","0","0.0","10","2.0","0","0.0","0","0.0","3","56.5","1","11.7","1","14.2","0","0.0","8","1.6","0","0.0","1","12.6","4","73.1","1","11.4","1","13.8","0","0.0","10","2.0","0","0.0","1","11.2","0","0.0","2","22.2","0","0.0","0","0.0","11","2.2","0","0.0","0","0.0","1","16.7","0","0.0","0","0.0","0","0.0","4","0.8","0","0.0","1","9.9","2","31.9","2","20.6","0","0.0","0","0.0","15","3.0","0","0.0","2","18.5","2","30.3","0","0.0","0","0.0","0","0.0","14","2.8"
"Virginia","0","0.0","13","4.2","659","53.1","102","26.0","48","64.4","0","0.0","245","5.5","0","0.0","16","5.0","587","46.7","91","22.1","47","60.9","0","0.0","239","5.4","2","11.2","8","2.2","591","46.9","101","21.1","46","43.9","0","0.0","246","5.5","0","0.0","14","3.7","517","40.7","107","21.5","45","41.2","0","0.0","214","4.8","1","5.4","18","4.5","540","42.0","104","20.2","28","24.6","0","0.0","243","5.4","0","0.0","16","3.9","542","41.7","93","17.5","39","32.8","0","0.0","254","5.6","1","5.3","18","4.2","508","38.6","87","15.9","36","28.9","0","0.0","251","5.5","1","5.2","19","4.3","583","43.9","113","20.0","21","16.2","1","20.0","217","4.8","1","5.2","22","4.8","526","39.3","130","22.4","26","19.3","0","0.0","201","4.4","0","0.0","25","5.3","493","36.5","92","15.3","43","30.5","2","38.7","210","4.6","1","5.0","17","3.5","505","37.1","103","16.6","24","16.4","1","18.6","216","4.8"
"Washington","10","13.1","25","6.8","90","49.9","101","22.5","28","23.5","0","0.0","269","6.4","6","7.8","23","6.0","77","41.3","88","18.7","27","21.9","2","8.4","303","7.1","6","8.3","24","5.9","65","34.5","110","20.7","30","19.5","1","3.2","302","7.2","4","5.5","23","5.4","77","39.7","80","14.6","19","11.9","5","15.7","271","6.4","5","6.8","27","6.1","85","42.3","68","12.0","34","20.6","6","18.2","271","6.4","3","4.0","23","5.0","80","38.7","82","14.1","15","8.8","5","14.5","236","5.5","4","5.3","35","7.2","92","43.5","68","11.3","18","10.1","5","13.9","217","5.0","5","6.6","33","6.5","84","38.6","91","14.5","15","8.1","3","7.9","220","5.1","9","11.7","33","6.2","89","39.5","72","11.0","19","9.9","3","7.6","200","4.6","5","6.4","28","5.0","108","46.3","91","13.4","13","6.5","3","7.2","185","4.2","2","2.5","23","3.9","145","60.1","91","12.9","21","10.1","7","16.2","214","4.8"
"West Virginia","0","0.0","0","0.0","14","27.5","6","37.6","5","46.6","0","0.0","57","3.9","0","0.0","0","0.0","19","36.7","1","6.0","2","18.2","0","0.0","54","3.7","0","0.0","0","0.0","11","20.8","4","24.0","3","20.7","0","0.0","55","3.7","0","0.0","0","0.0","17","31.9","9","50.2","4","26.4","0","0.0","55","3.7","0","0.0","0","0.0","21","39.1","6","32.0","7","44.4","0","0.0","46","3.1","0","0.0","0","0.0","13","24.0","7","35.6","6","36.5","0","0.0","47","3.2","0","0.0","1","7.9","12","22.2","2","9.8","3","17.7","0","0.0","66","4.5","1","29.5","1","7.7","11","20.4","2","9.5","2","11.4","0","0.0","55","3.8","0","0.0","0","0.0","12","22.3","1","4.6","6","33.3","0","0.0","49","3.4","0","0.0","2","15.2","20","37.2","1","4.5","4","21.4","0","0.0","49","3.4","0","0.0","2","15.2","13","24.2","2","8.7","3","15.5","0","0.0","65","4.5"
"Wisconsin","1","2.6","4","4.5","95","37.6","35","17.5","14","39.5","0","0.0","87","2.1","0","0.0","8","8.8","104","40.7","39","18.8","12","32.5","1","67.9","114","2.8","1","2.6","4","4.0","110","40.8","32","13.8","11","25.5","0","0.0","94","2.3","2","5.1","6","5.8","99","36.3","38","16.0","9","20.0","0","0.0","88","2.2","0","0.0","2","1.8","89","32.3","35","14.3","7","14.9","0","0.0","84","2.1","2","5.0","6","5.3","95","34.2","37","14.7","6","12.2","0","0.0","97","2.4","2","5.0","4","3.4","97","34.6","42","16.3","7","13.7","0","0.0","65","1.6","4","9.9","7","5.6","91","32.2","32","12.0","6","11.2","0","0.0","85","2.1","1","2.5","5","3.9","109","38.4","25","9.1","12","21.6","0","0.0","77","1.9","1","2.4","3","2.2","109","38.1","34","12.0","12","20.7","0","0.0","100","2.5","0","0.0","7","5.0","89","30.8","36","12.3","5","8.2","0","0.0","73","1.8"
"Wyoming","0","0.0","0","0.0","4","100.4","4","13.4","0","0.0","0","0.0","15","3.9","1","10.6","0","0.0","0","0.0","3","9.6","0","0.0","0","0.0","16","4.1","0","0.0","0","0.0","0","0.0","9","24.6","1","18.9","0","0.0","9","2.2","0","0.0","0","0.0","1","25.4","2","5.4","1","18.2","0","0.0","11","2.7","1","11.1","0","0.0","1","16.9","1","2.5","0","0.0","0","0.0","4","1.0","0","0.0","0","0.0","0","0.0","3","7.4","1","16.9","0","0.0","12","2.9","0","0.0","0","0.0","3","50.6","2","4.9","0","0.0","0","0.0","5","1.2","0","0.0","0","0.0","2","36.8","3","7.2","0","0.0","0","0.0","12","2.9","2","21.5","0","0.0","2","37.6","2","4.7","1","15.5","0","0.0","14","3.4","0","0.0","0","0.0","0","0.0","1","2.3","0","0.0","0","0.0","9","2.2","1","10.6","1","19.9","0","0.0","0","0.0","0","0.0","0","0.0","10","2.4"
